"Date","Source","Site ID","POC","Daily Max 8-hour CO Concentration","Units","Daily AQI Value","Local Site Name","Daily Obs Count","Percent Complete","AQS Parameter Code","AQS Parameter Description","Method Code","CBSA Code","CBSA Name","State FIPS Code","State","County FIPS Code","County","Site Latitude","Site Longitude"
"01/01/2022","AQS","320030561","1","0.2","ppm","2","Sunrise Acres","19","79.0000","42101","Carbon monoxide","093","29820","Las Vegas-Henderson-Paradise, NV","32","Nevada","003","Clark","36.163962","-115.11393"
"01/02/2022","AQS","320030561","1","0.7","ppm","8","Sunrise Acres","24","100.0000","42101","Carbon monoxide","093","29820","Las Vegas-Henderson-Paradise, NV","32","Nevada","003","Clark","36.163962","-115.11393"
"01/03/2022","AQS","320030561","1","1.3","ppm","15","Sunrise Acres","24","100.0000","42101","Carbon monoxide","093","29820","Las Vegas-Henderson-Paradise, NV","32","Nevada","003","Clark","36.163962","-115.11393"
"01/04/2022","AQS","320030561","1","1.1","ppm","13","Sunrise Acres","24","100.0000","42101","Carbon monoxide","093","29820","Las Vegas-Henderson-Paradise, NV","32","Nevada","003","Clark","36.163962","-115.11393"
"01/05/2022","AQS","320030561","1","1.4","ppm","16","Sunrise Acres","24","100.0000","42101","Carbon monoxide","093","29820","Las Vegas-Henderson-Paradise, NV","32","Nevada","003","Clark","36.163962","-115.11393"
"01/06/2022","AQS","320030561","1","1.6","ppm","18","Sunrise Acres","24","100.0000","42101","Carbon monoxide","093","29820","Las Vegas-Henderson-Paradise, NV","32","Nevada","003","Clark","36.163962","-115.11393"
"01/07/2022","AQS","320030561","1","1.9","ppm","22","Sunrise Acres","24","100.0000","42101","Carbon monoxide","093","29820","Las Vegas-Henderson-Paradise, NV","32","Nevada","003","Clark","36.163962","-115.11393"
"01/08/2022","AQS","320030561","1","0.6","ppm","7","Sunrise Acres","24","100.0000","42101","Carbon monoxide","093","29820","Las Vegas-Henderson-Paradise, NV","32","Nevada","003","Clark","36.163962","-115.11393"
"01/09/2022","AQS","320030561","1","0.6","ppm","7","Sunrise Acres","24","100.0000","42101","Carbon monoxide","093","29820","Las Vegas-Henderson-Paradise, NV","32","Nevada","003","Clark","36.163962","-115.11393"
"01/10/2022","AQS","320030561","1","1","ppm","11","Sunrise Acres","16","67.0000","42101","Carbon monoxide","093","29820","Las Vegas-Henderson-Paradise, NV","32","Nevada","003","Clark","36.163962","-115.11393"
"01/11/2022","AQS","320030561","1","1.2","ppm","14","Sunrise Acres","24","100.0000","42101","Carbon monoxide","093","29820","Las Vegas-Henderson-Paradise, NV","32","Nevada","003","Clark","36.163962","-115.11393"
"01/12/2022","AQS","320030561","1","1.4","ppm","16","Sunrise Acres","24","100.0000","42101","Carbon monoxide","093","29820","Las Vegas-Henderson-Paradise, NV","32","Nevada","003","Clark","36.163962","-115.11393"
"01/13/2022","AQS","320030561","1","1.6","ppm","18","Sunrise Acres","24","100.0000","42101","Carbon monoxide","093","29820","Las Vegas-Henderson-Paradise, NV","32","Nevada","003","Clark","36.163962","-115.11393"
"01/14/2022","AQS","320030561","1","1","ppm","11","Sunrise Acres","24","100.0000","42101","Carbon monoxide","093","29820","Las Vegas-Henderson-Paradise, NV","32","Nevada","003","Clark","36.163962","-115.11393"
"01/15/2022","AQS","320030561","1","1.4","ppm","16","Sunrise Acres","24","100.0000","42101","Carbon monoxide","093","29820","Las Vegas-Henderson-Paradise, NV","32","Nevada","003","Clark","36.163962","-115.11393"
"01/16/2022","AQS","320030561","1","1.8","ppm","20","Sunrise Acres","24","100.0000","42101","Carbon monoxide","093","29820","Las Vegas-Henderson-Paradise, NV","32","Nevada","003","Clark","36.163962","-115.11393"
"01/17/2022","AQS","320030561","1","1.9","ppm","22","Sunrise Acres","24","100.0000","42101","Carbon monoxide","093","29820","Las Vegas-Henderson-Paradise, NV","32","Nevada","003","Clark","36.163962","-115.11393"
"01/18/2022","AQS","320030561","1","1.1","ppm","13","Sunrise Acres","24","100.0000","42101","Carbon monoxide","093","29820","Las Vegas-Henderson-Paradise, NV","32","Nevada","003","Clark","36.163962","-115.11393"
"01/19/2022","AQS","320030561","1","1.2","ppm","14","Sunrise Acres","24","100.0000","42101","Carbon monoxide","093","29820","Las Vegas-Henderson-Paradise, NV","32","Nevada","003","Clark","36.163962","-115.11393"
"01/20/2022","AQS","320030561","1","1","ppm","11","Sunrise Acres","24","100.0000","42101","Carbon monoxide","093","29820","Las Vegas-Henderson-Paradise, NV","32","Nevada","003","Clark","36.163962","-115.11393"
"01/21/2022","AQS","320030561","1","1.3","ppm","15","Sunrise Acres","24","100.0000","42101","Carbon monoxide","093","29820","Las Vegas-Henderson-Paradise, NV","32","Nevada","003","Clark","36.163962","-115.11393"
"01/22/2022","AQS","320030561","1","0.2","ppm","2","Sunrise Acres","24","100.0000","42101","Carbon monoxide","093","29820","Las Vegas-Henderson-Paradise, NV","32","Nevada","003","Clark","36.163962","-115.11393"
"01/23/2022","AQS","320030561","1","0.8","ppm","9","Sunrise Acres","24","100.0000","42101","Carbon monoxide","093","29820","Las Vegas-Henderson-Paradise, NV","32","Nevada","003","Clark","36.163962","-115.11393"
"01/24/2022","AQS","320030561","1","1.3","ppm","15","Sunrise Acres","24","100.0000","42101","Carbon monoxide","093","29820","Las Vegas-Henderson-Paradise, NV","32","Nevada","003","Clark","36.163962","-115.11393"
"01/25/2022","AQS","320030561","1","1.5","ppm","17","Sunrise Acres","24","100.0000","42101","Carbon monoxide","093","29820","Las Vegas-Henderson-Paradise, NV","32","Nevada","003","Clark","36.163962","-115.11393"
"01/26/2022","AQS","320030561","1","0.9","ppm","10","Sunrise Acres","24","100.0000","42101","Carbon monoxide","093","29820","Las Vegas-Henderson-Paradise, NV","32","Nevada","003","Clark","36.163962","-115.11393"
"01/27/2022","AQS","320030561","1","1.1","ppm","13","Sunrise Acres","24","100.0000","42101","Carbon monoxide","093","29820","Las Vegas-Henderson-Paradise, NV","32","Nevada","003","Clark","36.163962","-115.11393"
"01/28/2022","AQS","320030561","1","1.1","ppm","13","Sunrise Acres","24","100.0000","42101","Carbon monoxide","093","29820","Las Vegas-Henderson-Paradise, NV","32","Nevada","003","Clark","36.163962","-115.11393"
"01/29/2022","AQS","320030561","1","1.4","ppm","16","Sunrise Acres","24","100.0000","42101","Carbon monoxide","093","29820","Las Vegas-Henderson-Paradise, NV","32","Nevada","003","Clark","36.163962","-115.11393"
"01/30/2022","AQS","320030561","1","1.3","ppm","15","Sunrise Acres","24","100.0000","42101","Carbon monoxide","093","29820","Las Vegas-Henderson-Paradise, NV","32","Nevada","003","Clark","36.163962","-115.11393"
"01/31/2022","AQS","320030561","1","1.4","ppm","16","Sunrise Acres","24","100.0000","42101","Carbon monoxide","093","29820","Las Vegas-Henderson-Paradise, NV","32","Nevada","003","Clark","36.163962","-115.11393"
"02/01/2022","AQS","320030561","1","1.4","ppm","16","Sunrise Acres","24","100.0000","42101","Carbon monoxide","093","29820","Las Vegas-Henderson-Paradise, NV","32","Nevada","003","Clark","36.163962","-115.11393"
"02/02/2022","AQS","320030561","1","0.3","ppm","3","Sunrise Acres","19","79.0000","42101","Carbon monoxide","093","29820","Las Vegas-Henderson-Paradise, NV","32","Nevada","003","Clark","36.163962","-115.11393"
"02/03/2022","AQS","320030561","1","0.3","ppm","3","Sunrise Acres","24","100.0000","42101","Carbon monoxide","093","29820","Las Vegas-Henderson-Paradise, NV","32","Nevada","003","Clark","36.163962","-115.11393"
"02/04/2022","AQS","320030561","1","1","ppm","11","Sunrise Acres","24","100.0000","42101","Carbon monoxide","093","29820","Las Vegas-Henderson-Paradise, NV","32","Nevada","003","Clark","36.163962","-115.11393"
"02/05/2022","AQS","320030561","1","1.4","ppm","16","Sunrise Acres","24","100.0000","42101","Carbon monoxide","093","29820","Las Vegas-Henderson-Paradise, NV","32","Nevada","003","Clark","36.163962","-115.11393"
"02/06/2022","AQS","320030561","1","1.7","ppm","19","Sunrise Acres","24","100.0000","42101","Carbon monoxide","093","29820","Las Vegas-Henderson-Paradise, NV","32","Nevada","003","Clark","36.163962","-115.11393"
"02/07/2022","AQS","320030561","1","0.9","ppm","10","Sunrise Acres","24","100.0000","42101","Carbon monoxide","093","29820","Las Vegas-Henderson-Paradise, NV","32","Nevada","003","Clark","36.163962","-115.11393"
"02/08/2022","AQS","320030561","1","1.2","ppm","14","Sunrise Acres","24","100.0000","42101","Carbon monoxide","093","29820","Las Vegas-Henderson-Paradise, NV","32","Nevada","003","Clark","36.163962","-115.11393"
"02/09/2022","AQS","320030561","1","0.6","ppm","7","Sunrise Acres","24","100.0000","42101","Carbon monoxide","093","29820","Las Vegas-Henderson-Paradise, NV","32","Nevada","003","Clark","36.163962","-115.11393"
"02/10/2022","AQS","320030561","1","0.7","ppm","8","Sunrise Acres","24","100.0000","42101","Carbon monoxide","093","29820","Las Vegas-Henderson-Paradise, NV","32","Nevada","003","Clark","36.163962","-115.11393"
"02/11/2022","AQS","320030561","1","0.8","ppm","9","Sunrise Acres","24","100.0000","42101","Carbon monoxide","093","29820","Las Vegas-Henderson-Paradise, NV","32","Nevada","003","Clark","36.163962","-115.11393"
"02/12/2022","AQS","320030561","1","0.9","ppm","10","Sunrise Acres","24","100.0000","42101","Carbon monoxide","093","29820","Las Vegas-Henderson-Paradise, NV","32","Nevada","003","Clark","36.163962","-115.11393"
"02/13/2022","AQS","320030561","1","1.6","ppm","18","Sunrise Acres","24","100.0000","42101","Carbon monoxide","093","29820","Las Vegas-Henderson-Paradise, NV","32","Nevada","003","Clark","36.163962","-115.11393"
"02/14/2022","AQS","320030561","1","1.4","ppm","16","Sunrise Acres","24","100.0000","42101","Carbon monoxide","093","29820","Las Vegas-Henderson-Paradise, NV","32","Nevada","003","Clark","36.163962","-115.11393"
"02/15/2022","AQS","320030561","1","0.5","ppm","6","Sunrise Acres","24","100.0000","42101","Carbon monoxide","093","29820","Las Vegas-Henderson-Paradise, NV","32","Nevada","003","Clark","36.163962","-115.11393"
"02/16/2022","AQS","320030561","1","0.3","ppm","3","Sunrise Acres","24","100.0000","42101","Carbon monoxide","093","29820","Las Vegas-Henderson-Paradise, NV","32","Nevada","003","Clark","36.163962","-115.11393"
"02/17/2022","AQS","320030561","1","0.7","ppm","8","Sunrise Acres","24","100.0000","42101","Carbon monoxide","093","29820","Las Vegas-Henderson-Paradise, NV","32","Nevada","003","Clark","36.163962","-115.11393"
"02/18/2022","AQS","320030561","1","1","ppm","11","Sunrise Acres","24","100.0000","42101","Carbon monoxide","093","29820","Las Vegas-Henderson-Paradise, NV","32","Nevada","003","Clark","36.163962","-115.11393"
"02/19/2022","AQS","320030561","1","1.4","ppm","16","Sunrise Acres","24","100.0000","42101","Carbon monoxide","093","29820","Las Vegas-Henderson-Paradise, NV","32","Nevada","003","Clark","36.163962","-115.11393"
"02/20/2022","AQS","320030561","1","1.9","ppm","22","Sunrise Acres","24","100.0000","42101","Carbon monoxide","093","29820","Las Vegas-Henderson-Paradise, NV","32","Nevada","003","Clark","36.163962","-115.11393"
"02/21/2022","AQS","320030561","1","0.2","ppm","2","Sunrise Acres","24","100.0000","42101","Carbon monoxide","093","29820","Las Vegas-Henderson-Paradise, NV","32","Nevada","003","Clark","36.163962","-115.11393"
"02/22/2022","AQS","320030561","1","0.3","ppm","3","Sunrise Acres","24","100.0000","42101","Carbon monoxide","093","29820","Las Vegas-Henderson-Paradise, NV","32","Nevada","003","Clark","36.163962","-115.11393"
"02/23/2022","AQS","320030561","1","0.2","ppm","2","Sunrise Acres","24","100.0000","42101","Carbon monoxide","093","29820","Las Vegas-Henderson-Paradise, NV","32","Nevada","003","Clark","36.163962","-115.11393"
"02/24/2022","AQS","320030561","1","0.5","ppm","6","Sunrise Acres","24","100.0000","42101","Carbon monoxide","093","29820","Las Vegas-Henderson-Paradise, NV","32","Nevada","003","Clark","36.163962","-115.11393"
"02/25/2022","AQS","320030561","1","0.6","ppm","7","Sunrise Acres","24","100.0000","42101","Carbon monoxide","093","29820","Las Vegas-Henderson-Paradise, NV","32","Nevada","003","Clark","36.163962","-115.11393"
"02/26/2022","AQS","320030561","1","0.7","ppm","8","Sunrise Acres","24","100.0000","42101","Carbon monoxide","093","29820","Las Vegas-Henderson-Paradise, NV","32","Nevada","003","Clark","36.163962","-115.11393"
"02/27/2022","AQS","320030561","1","1","ppm","11","Sunrise Acres","24","100.0000","42101","Carbon monoxide","093","29820","Las Vegas-Henderson-Paradise, NV","32","Nevada","003","Clark","36.163962","-115.11393"
"02/28/2022","AQS","320030561","1","1","ppm","11","Sunrise Acres","24","100.0000","42101","Carbon monoxide","093","29820","Las Vegas-Henderson-Paradise, NV","32","Nevada","003","Clark","36.163962","-115.11393"
"03/01/2022","AQS","320030561","1","1","ppm","11","Sunrise Acres","24","100.0000","42101","Carbon monoxide","093","29820","Las Vegas-Henderson-Paradise, NV","32","Nevada","003","Clark","36.163962","-115.11393"
"03/02/2022","AQS","320030561","1","1.3","ppm","15","Sunrise Acres","24","100.0000","42101","Carbon monoxide","093","29820","Las Vegas-Henderson-Paradise, NV","32","Nevada","003","Clark","36.163962","-115.11393"
"03/03/2022","AQS","320030561","1","1.3","ppm","15","Sunrise Acres","24","100.0000","42101","Carbon monoxide","093","29820","Las Vegas-Henderson-Paradise, NV","32","Nevada","003","Clark","36.163962","-115.11393"
"03/04/2022","AQS","320030561","1","0.4","ppm","5","Sunrise Acres","24","100.0000","42101","Carbon monoxide","093","29820","Las Vegas-Henderson-Paradise, NV","32","Nevada","003","Clark","36.163962","-115.11393"
"03/05/2022","AQS","320030561","1","0.2","ppm","2","Sunrise Acres","24","100.0000","42101","Carbon monoxide","093","29820","Las Vegas-Henderson-Paradise, NV","32","Nevada","003","Clark","36.163962","-115.11393"
"03/06/2022","AQS","320030561","1","0.2","ppm","2","Sunrise Acres","24","100.0000","42101","Carbon monoxide","093","29820","Las Vegas-Henderson-Paradise, NV","32","Nevada","003","Clark","36.163962","-115.11393"
"03/07/2022","AQS","320030561","1","0.3","ppm","3","Sunrise Acres","24","100.0000","42101","Carbon monoxide","093","29820","Las Vegas-Henderson-Paradise, NV","32","Nevada","003","Clark","36.163962","-115.11393"
"03/08/2022","AQS","320030561","1","0.5","ppm","6","Sunrise Acres","24","100.0000","42101","Carbon monoxide","093","29820","Las Vegas-Henderson-Paradise, NV","32","Nevada","003","Clark","36.163962","-115.11393"
"03/09/2022","AQS","320030561","1","0.8","ppm","9","Sunrise Acres","24","100.0000","42101","Carbon monoxide","093","29820","Las Vegas-Henderson-Paradise, NV","32","Nevada","003","Clark","36.163962","-115.11393"
"03/10/2022","AQS","320030561","1","0.3","ppm","3","Sunrise Acres","24","100.0000","42101","Carbon monoxide","093","29820","Las Vegas-Henderson-Paradise, NV","32","Nevada","003","Clark","36.163962","-115.11393"
"03/11/2022","AQS","320030561","1","0.7","ppm","8","Sunrise Acres","24","100.0000","42101","Carbon monoxide","093","29820","Las Vegas-Henderson-Paradise, NV","32","Nevada","003","Clark","36.163962","-115.11393"
"03/12/2022","AQS","320030561","1","1.2","ppm","14","Sunrise Acres","24","100.0000","42101","Carbon monoxide","093","29820","Las Vegas-Henderson-Paradise, NV","32","Nevada","003","Clark","36.163962","-115.11393"
"03/13/2022","AQS","320030561","1","1.4","ppm","16","Sunrise Acres","24","100.0000","42101","Carbon monoxide","093","29820","Las Vegas-Henderson-Paradise, NV","32","Nevada","003","Clark","36.163962","-115.11393"
"03/14/2022","AQS","320030561","1","0.6","ppm","7","Sunrise Acres","24","100.0000","42101","Carbon monoxide","093","29820","Las Vegas-Henderson-Paradise, NV","32","Nevada","003","Clark","36.163962","-115.11393"
"03/15/2022","AQS","320030561","1","1","ppm","11","Sunrise Acres","24","100.0000","42101","Carbon monoxide","093","29820","Las Vegas-Henderson-Paradise, NV","32","Nevada","003","Clark","36.163962","-115.11393"
"03/16/2022","AQS","320030561","1","0.4","ppm","5","Sunrise Acres","24","100.0000","42101","Carbon monoxide","093","29820","Las Vegas-Henderson-Paradise, NV","32","Nevada","003","Clark","36.163962","-115.11393"
"03/17/2022","AQS","320030561","1","0.5","ppm","6","Sunrise Acres","24","100.0000","42101","Carbon monoxide","093","29820","Las Vegas-Henderson-Paradise, NV","32","Nevada","003","Clark","36.163962","-115.11393"
"03/18/2022","AQS","320030561","1","1.1","ppm","13","Sunrise Acres","24","100.0000","42101","Carbon monoxide","093","29820","Las Vegas-Henderson-Paradise, NV","32","Nevada","003","Clark","36.163962","-115.11393"
"03/19/2022","AQS","320030561","1","1.1","ppm","13","Sunrise Acres","24","100.0000","42101","Carbon monoxide","093","29820","Las Vegas-Henderson-Paradise, NV","32","Nevada","003","Clark","36.163962","-115.11393"
"03/20/2022","AQS","320030561","1","0.3","ppm","3","Sunrise Acres","24","100.0000","42101","Carbon monoxide","093","29820","Las Vegas-Henderson-Paradise, NV","32","Nevada","003","Clark","36.163962","-115.11393"
"03/21/2022","AQS","320030561","1","0.3","ppm","3","Sunrise Acres","24","100.0000","42101","Carbon monoxide","093","29820","Las Vegas-Henderson-Paradise, NV","32","Nevada","003","Clark","36.163962","-115.11393"
"03/22/2022","AQS","320030561","1","0.3","ppm","3","Sunrise Acres","24","100.0000","42101","Carbon monoxide","093","29820","Las Vegas-Henderson-Paradise, NV","32","Nevada","003","Clark","36.163962","-115.11393"
"03/23/2022","AQS","320030561","1","0.6","ppm","7","Sunrise Acres","24","100.0000","42101","Carbon monoxide","093","29820","Las Vegas-Henderson-Paradise, NV","32","Nevada","003","Clark","36.163962","-115.11393"
"03/24/2022","AQS","320030561","1","1.1","ppm","13","Sunrise Acres","24","100.0000","42101","Carbon monoxide","093","29820","Las Vegas-Henderson-Paradise, NV","32","Nevada","003","Clark","36.163962","-115.11393"
"03/25/2022","AQS","320030561","1","1.1","ppm","13","Sunrise Acres","24","100.0000","42101","Carbon monoxide","093","29820","Las Vegas-Henderson-Paradise, NV","32","Nevada","003","Clark","36.163962","-115.11393"
"03/26/2022","AQS","320030561","1","0.9","ppm","10","Sunrise Acres","24","100.0000","42101","Carbon monoxide","093","29820","Las Vegas-Henderson-Paradise, NV","32","Nevada","003","Clark","36.163962","-115.11393"
"03/27/2022","AQS","320030561","1","0.7","ppm","8","Sunrise Acres","24","100.0000","42101","Carbon monoxide","093","29820","Las Vegas-Henderson-Paradise, NV","32","Nevada","003","Clark","36.163962","-115.11393"
"03/28/2022","AQS","320030561","1","0.3","ppm","3","Sunrise Acres","24","100.0000","42101","Carbon monoxide","093","29820","Las Vegas-Henderson-Paradise, NV","32","Nevada","003","Clark","36.163962","-115.11393"
"03/29/2022","AQS","320030561","1","0.4","ppm","5","Sunrise Acres","24","100.0000","42101","Carbon monoxide","093","29820","Las Vegas-Henderson-Paradise, NV","32","Nevada","003","Clark","36.163962","-115.11393"
"03/30/2022","AQS","320030561","1","0.3","ppm","3","Sunrise Acres","24","100.0000","42101","Carbon monoxide","093","29820","Las Vegas-Henderson-Paradise, NV","32","Nevada","003","Clark","36.163962","-115.11393"
"03/31/2022","AQS","320030561","1","0.4","ppm","5","Sunrise Acres","24","100.0000","42101","Carbon monoxide","093","29820","Las Vegas-Henderson-Paradise, NV","32","Nevada","003","Clark","36.163962","-115.11393"
"04/01/2022","AQS","320030561","1","0.5","ppm","6","Sunrise Acres","24","100.0000","42101","Carbon monoxide","093","29820","Las Vegas-Henderson-Paradise, NV","32","Nevada","003","Clark","36.163962","-115.11393"
"04/02/2022","AQS","320030561","1","0.9","ppm","10","Sunrise Acres","24","100.0000","42101","Carbon monoxide","093","29820","Las Vegas-Henderson-Paradise, NV","32","Nevada","003","Clark","36.163962","-115.11393"
"04/03/2022","AQS","320030561","1","0.5","ppm","6","Sunrise Acres","24","100.0000","42101","Carbon monoxide","093","29820","Las Vegas-Henderson-Paradise, NV","32","Nevada","003","Clark","36.163962","-115.11393"
"04/04/2022","AQS","320030561","1","0.8","ppm","9","Sunrise Acres","24","100.0000","42101","Carbon monoxide","093","29820","Las Vegas-Henderson-Paradise, NV","32","Nevada","003","Clark","36.163962","-115.11393"
"04/05/2022","AQS","320030561","1","0.6","ppm","7","Sunrise Acres","24","100.0000","42101","Carbon monoxide","093","29820","Las Vegas-Henderson-Paradise, NV","32","Nevada","003","Clark","36.163962","-115.11393"
"04/06/2022","AQS","320030561","1","0.2","ppm","2","Sunrise Acres","17","71.0000","42101","Carbon monoxide","093","29820","Las Vegas-Henderson-Paradise, NV","32","Nevada","003","Clark","36.163962","-115.11393"
"04/07/2022","AQS","320030561","1","0.4","ppm","5","Sunrise Acres","24","100.0000","42101","Carbon monoxide","093","29820","Las Vegas-Henderson-Paradise, NV","32","Nevada","003","Clark","36.163962","-115.11393"
"04/08/2022","AQS","320030561","1","0.8","ppm","9","Sunrise Acres","24","100.0000","42101","Carbon monoxide","093","29820","Las Vegas-Henderson-Paradise, NV","32","Nevada","003","Clark","36.163962","-115.11393"
"04/09/2022","AQS","320030561","1","1.1","ppm","13","Sunrise Acres","24","100.0000","42101","Carbon monoxide","093","29820","Las Vegas-Henderson-Paradise, NV","32","Nevada","003","Clark","36.163962","-115.11393"
"04/10/2022","AQS","320030561","1","0.3","ppm","3","Sunrise Acres","24","100.0000","42101","Carbon monoxide","093","29820","Las Vegas-Henderson-Paradise, NV","32","Nevada","003","Clark","36.163962","-115.11393"
"04/11/2022","AQS","320030561","1","0.6","ppm","7","Sunrise Acres","24","100.0000","42101","Carbon monoxide","093","29820","Las Vegas-Henderson-Paradise, NV","32","Nevada","003","Clark","36.163962","-115.11393"
"04/12/2022","AQS","320030561","1","0.2","ppm","2","Sunrise Acres","24","100.0000","42101","Carbon monoxide","093","29820","Las Vegas-Henderson-Paradise, NV","32","Nevada","003","Clark","36.163962","-115.11393"
"04/13/2022","AQS","320030561","1","0.4","ppm","5","Sunrise Acres","24","100.0000","42101","Carbon monoxide","093","29820","Las Vegas-Henderson-Paradise, NV","32","Nevada","003","Clark","36.163962","-115.11393"
"04/14/2022","AQS","320030561","1","0.3","ppm","3","Sunrise Acres","24","100.0000","42101","Carbon monoxide","093","29820","Las Vegas-Henderson-Paradise, NV","32","Nevada","003","Clark","36.163962","-115.11393"
"04/15/2022","AQS","320030561","1","0.3","ppm","3","Sunrise Acres","24","100.0000","42101","Carbon monoxide","093","29820","Las Vegas-Henderson-Paradise, NV","32","Nevada","003","Clark","36.163962","-115.11393"
"04/16/2022","AQS","320030561","1","0.1","ppm","1","Sunrise Acres","24","100.0000","42101","Carbon monoxide","093","29820","Las Vegas-Henderson-Paradise, NV","32","Nevada","003","Clark","36.163962","-115.11393"
"04/17/2022","AQS","320030561","1","0.3","ppm","3","Sunrise Acres","24","100.0000","42101","Carbon monoxide","093","29820","Las Vegas-Henderson-Paradise, NV","32","Nevada","003","Clark","36.163962","-115.11393"
"04/18/2022","AQS","320030561","1","0.5","ppm","6","Sunrise Acres","24","100.0000","42101","Carbon monoxide","093","29820","Las Vegas-Henderson-Paradise, NV","32","Nevada","003","Clark","36.163962","-115.11393"
"04/19/2022","AQS","320030561","1","0.1","ppm","1","Sunrise Acres","24","100.0000","42101","Carbon monoxide","093","29820","Las Vegas-Henderson-Paradise, NV","32","Nevada","003","Clark","36.163962","-115.11393"
"04/20/2022","AQS","320030561","1","0.2","ppm","2","Sunrise Acres","24","100.0000","42101","Carbon monoxide","093","29820","Las Vegas-Henderson-Paradise, NV","32","Nevada","003","Clark","36.163962","-115.11393"
"04/21/2022","AQS","320030561","1","0.1","ppm","1","Sunrise Acres","24","100.0000","42101","Carbon monoxide","093","29820","Las Vegas-Henderson-Paradise, NV","32","Nevada","003","Clark","36.163962","-115.11393"
"04/22/2022","AQS","320030561","1","0.2","ppm","2","Sunrise Acres","24","100.0000","42101","Carbon monoxide","093","29820","Las Vegas-Henderson-Paradise, NV","32","Nevada","003","Clark","36.163962","-115.11393"
"04/23/2022","AQS","320030561","1","0.3","ppm","3","Sunrise Acres","24","100.0000","42101","Carbon monoxide","093","29820","Las Vegas-Henderson-Paradise, NV","32","Nevada","003","Clark","36.163962","-115.11393"
"04/24/2022","AQS","320030561","1","0.3","ppm","3","Sunrise Acres","24","100.0000","42101","Carbon monoxide","093","29820","Las Vegas-Henderson-Paradise, NV","32","Nevada","003","Clark","36.163962","-115.11393"
"04/25/2022","AQS","320030561","1","0.5","ppm","6","Sunrise Acres","24","100.0000","42101","Carbon monoxide","093","29820","Las Vegas-Henderson-Paradise, NV","32","Nevada","003","Clark","36.163962","-115.11393"
"04/26/2022","AQS","320030561","1","0.7","ppm","8","Sunrise Acres","24","100.0000","42101","Carbon monoxide","093","29820","Las Vegas-Henderson-Paradise, NV","32","Nevada","003","Clark","36.163962","-115.11393"
"04/27/2022","AQS","320030561","1","0.3","ppm","3","Sunrise Acres","19","79.0000","42101","Carbon monoxide","093","29820","Las Vegas-Henderson-Paradise, NV","32","Nevada","003","Clark","36.163962","-115.11393"
"04/28/2022","AQS","320030561","1","0.2","ppm","2","Sunrise Acres","24","100.0000","42101","Carbon monoxide","093","29820","Las Vegas-Henderson-Paradise, NV","32","Nevada","003","Clark","36.163962","-115.11393"
"04/29/2022","AQS","320030561","1","0.5","ppm","6","Sunrise Acres","24","100.0000","42101","Carbon monoxide","093","29820","Las Vegas-Henderson-Paradise, NV","32","Nevada","003","Clark","36.163962","-115.11393"
"04/30/2022","AQS","320030561","1","0.7","ppm","8","Sunrise Acres","24","100.0000","42101","Carbon monoxide","093","29820","Las Vegas-Henderson-Paradise, NV","32","Nevada","003","Clark","36.163962","-115.11393"
"05/01/2022","AQS","320030561","1","0.1","ppm","1","Sunrise Acres","24","100.0000","42101","Carbon monoxide","093","29820","Las Vegas-Henderson-Paradise, NV","32","Nevada","003","Clark","36.163962","-115.11393"
"05/02/2022","AQS","320030561","1","0.2","ppm","2","Sunrise Acres","24","100.0000","42101","Carbon monoxide","093","29820","Las Vegas-Henderson-Paradise, NV","32","Nevada","003","Clark","36.163962","-115.11393"
"05/03/2022","AQS","320030561","1","0.2","ppm","2","Sunrise Acres","24","100.0000","42101","Carbon monoxide","093","29820","Las Vegas-Henderson-Paradise, NV","32","Nevada","003","Clark","36.163962","-115.11393"
"05/04/2022","AQS","320030561","1","0.3","ppm","3","Sunrise Acres","24","100.0000","42101","Carbon monoxide","093","29820","Las Vegas-Henderson-Paradise, NV","32","Nevada","003","Clark","36.163962","-115.11393"
"05/05/2022","AQS","320030561","1","0.4","ppm","5","Sunrise Acres","24","100.0000","42101","Carbon monoxide","093","29820","Las Vegas-Henderson-Paradise, NV","32","Nevada","003","Clark","36.163962","-115.11393"
"05/06/2022","AQS","320030561","1","0.3","ppm","3","Sunrise Acres","24","100.0000","42101","Carbon monoxide","093","29820","Las Vegas-Henderson-Paradise, NV","32","Nevada","003","Clark","36.163962","-115.11393"
"05/07/2022","AQS","320030561","1","0.2","ppm","2","Sunrise Acres","24","100.0000","42101","Carbon monoxide","093","29820","Las Vegas-Henderson-Paradise, NV","32","Nevada","003","Clark","36.163962","-115.11393"
"05/08/2022","AQS","320030561","1","0.2","ppm","2","Sunrise Acres","24","100.0000","42101","Carbon monoxide","093","29820","Las Vegas-Henderson-Paradise, NV","32","Nevada","003","Clark","36.163962","-115.11393"
"05/09/2022","AQS","320030561","1","0.1","ppm","1","Sunrise Acres","24","100.0000","42101","Carbon monoxide","093","29820","Las Vegas-Henderson-Paradise, NV","32","Nevada","003","Clark","36.163962","-115.11393"
"05/10/2022","AQS","320030561","1","0.1","ppm","1","Sunrise Acres","24","100.0000","42101","Carbon monoxide","093","29820","Las Vegas-Henderson-Paradise, NV","32","Nevada","003","Clark","36.163962","-115.11393"
"05/11/2022","AQS","320030561","1","0.1","ppm","1","Sunrise Acres","24","100.0000","42101","Carbon monoxide","093","29820","Las Vegas-Henderson-Paradise, NV","32","Nevada","003","Clark","36.163962","-115.11393"
"05/12/2022","AQS","320030561","1","0.4","ppm","5","Sunrise Acres","24","100.0000","42101","Carbon monoxide","093","29820","Las Vegas-Henderson-Paradise, NV","32","Nevada","003","Clark","36.163962","-115.11393"
"05/13/2022","AQS","320030561","1","0.4","ppm","5","Sunrise Acres","24","100.0000","42101","Carbon monoxide","093","29820","Las Vegas-Henderson-Paradise, NV","32","Nevada","003","Clark","36.163962","-115.11393"
"05/14/2022","AQS","320030561","1","0.7","ppm","8","Sunrise Acres","24","100.0000","42101","Carbon monoxide","093","29820","Las Vegas-Henderson-Paradise, NV","32","Nevada","003","Clark","36.163962","-115.11393"
"05/15/2022","AQS","320030561","1","0.8","ppm","9","Sunrise Acres","24","100.0000","42101","Carbon monoxide","093","29820","Las Vegas-Henderson-Paradise, NV","32","Nevada","003","Clark","36.163962","-115.11393"
"05/16/2022","AQS","320030561","1","0.3","ppm","3","Sunrise Acres","24","100.0000","42101","Carbon monoxide","093","29820","Las Vegas-Henderson-Paradise, NV","32","Nevada","003","Clark","36.163962","-115.11393"
"05/17/2022","AQS","320030561","1","0.2","ppm","2","Sunrise Acres","24","100.0000","42101","Carbon monoxide","093","29820","Las Vegas-Henderson-Paradise, NV","32","Nevada","003","Clark","36.163962","-115.11393"
"05/18/2022","AQS","320030561","1","0.5","ppm","6","Sunrise Acres","24","100.0000","42101","Carbon monoxide","093","29820","Las Vegas-Henderson-Paradise, NV","32","Nevada","003","Clark","36.163962","-115.11393"
"05/19/2022","AQS","320030561","1","0.5","ppm","6","Sunrise Acres","24","100.0000","42101","Carbon monoxide","093","29820","Las Vegas-Henderson-Paradise, NV","32","Nevada","003","Clark","36.163962","-115.11393"
"05/20/2022","AQS","320030561","1","0.2","ppm","2","Sunrise Acres","24","100.0000","42101","Carbon monoxide","093","29820","Las Vegas-Henderson-Paradise, NV","32","Nevada","003","Clark","36.163962","-115.11393"
"05/21/2022","AQS","320030561","1","0.3","ppm","3","Sunrise Acres","24","100.0000","42101","Carbon monoxide","093","29820","Las Vegas-Henderson-Paradise, NV","32","Nevada","003","Clark","36.163962","-115.11393"
"05/22/2022","AQS","320030561","1","0.6","ppm","7","Sunrise Acres","24","100.0000","42101","Carbon monoxide","093","29820","Las Vegas-Henderson-Paradise, NV","32","Nevada","003","Clark","36.163962","-115.11393"
"05/23/2022","AQS","320030561","1","0.2","ppm","2","Sunrise Acres","24","100.0000","42101","Carbon monoxide","093","29820","Las Vegas-Henderson-Paradise, NV","32","Nevada","003","Clark","36.163962","-115.11393"
"05/24/2022","AQS","320030561","1","0.4","ppm","5","Sunrise Acres","24","100.0000","42101","Carbon monoxide","093","29820","Las Vegas-Henderson-Paradise, NV","32","Nevada","003","Clark","36.163962","-115.11393"
"05/25/2022","AQS","320030561","1","0.5","ppm","6","Sunrise Acres","24","100.0000","42101","Carbon monoxide","093","29820","Las Vegas-Henderson-Paradise, NV","32","Nevada","003","Clark","36.163962","-115.11393"
"05/26/2022","AQS","320030561","1","0.7","ppm","8","Sunrise Acres","24","100.0000","42101","Carbon monoxide","093","29820","Las Vegas-Henderson-Paradise, NV","32","Nevada","003","Clark","36.163962","-115.11393"
"05/27/2022","AQS","320030561","1","0.2","ppm","2","Sunrise Acres","24","100.0000","42101","Carbon monoxide","093","29820","Las Vegas-Henderson-Paradise, NV","32","Nevada","003","Clark","36.163962","-115.11393"
"05/28/2022","AQS","320030561","1","0.2","ppm","2","Sunrise Acres","24","100.0000","42101","Carbon monoxide","093","29820","Las Vegas-Henderson-Paradise, NV","32","Nevada","003","Clark","36.163962","-115.11393"
"05/29/2022","AQS","320030561","1","0.1","ppm","1","Sunrise Acres","24","100.0000","42101","Carbon monoxide","093","29820","Las Vegas-Henderson-Paradise, NV","32","Nevada","003","Clark","36.163962","-115.11393"
"05/30/2022","AQS","320030561","1","0.2","ppm","2","Sunrise Acres","24","100.0000","42101","Carbon monoxide","093","29820","Las Vegas-Henderson-Paradise, NV","32","Nevada","003","Clark","36.163962","-115.11393"
"05/31/2022","AQS","320030561","1","0.3","ppm","3","Sunrise Acres","24","100.0000","42101","Carbon monoxide","093","29820","Las Vegas-Henderson-Paradise, NV","32","Nevada","003","Clark","36.163962","-115.11393"
"06/01/2022","AQS","320030561","1","0.3","ppm","3","Sunrise Acres","24","100.0000","42101","Carbon monoxide","093","29820","Las Vegas-Henderson-Paradise, NV","32","Nevada","003","Clark","36.163962","-115.11393"
"06/02/2022","AQS","320030561","1","0.6","ppm","7","Sunrise Acres","24","100.0000","42101","Carbon monoxide","093","29820","Las Vegas-Henderson-Paradise, NV","32","Nevada","003","Clark","36.163962","-115.11393"
"06/03/2022","AQS","320030561","1","0.2","ppm","2","Sunrise Acres","24","100.0000","42101","Carbon monoxide","093","29820","Las Vegas-Henderson-Paradise, NV","32","Nevada","003","Clark","36.163962","-115.11393"
"06/04/2022","AQS","320030561","1","0.2","ppm","2","Sunrise Acres","24","100.0000","42101","Carbon monoxide","093","29820","Las Vegas-Henderson-Paradise, NV","32","Nevada","003","Clark","36.163962","-115.11393"
"06/05/2022","AQS","320030561","1","0.2","ppm","2","Sunrise Acres","24","100.0000","42101","Carbon monoxide","093","29820","Las Vegas-Henderson-Paradise, NV","32","Nevada","003","Clark","36.163962","-115.11393"
"06/06/2022","AQS","320030561","1","0.2","ppm","2","Sunrise Acres","24","100.0000","42101","Carbon monoxide","093","29820","Las Vegas-Henderson-Paradise, NV","32","Nevada","003","Clark","36.163962","-115.11393"
"06/07/2022","AQS","320030561","1","0.3","ppm","3","Sunrise Acres","24","100.0000","42101","Carbon monoxide","093","29820","Las Vegas-Henderson-Paradise, NV","32","Nevada","003","Clark","36.163962","-115.11393"
"06/08/2022","AQS","320030561","1","0.4","ppm","5","Sunrise Acres","24","100.0000","42101","Carbon monoxide","093","29820","Las Vegas-Henderson-Paradise, NV","32","Nevada","003","Clark","36.163962","-115.11393"
"06/09/2022","AQS","320030561","1","0.3","ppm","3","Sunrise Acres","24","100.0000","42101","Carbon monoxide","093","29820","Las Vegas-Henderson-Paradise, NV","32","Nevada","003","Clark","36.163962","-115.11393"
"06/10/2022","AQS","320030561","1","0.4","ppm","5","Sunrise Acres","24","100.0000","42101","Carbon monoxide","093","29820","Las Vegas-Henderson-Paradise, NV","32","Nevada","003","Clark","36.163962","-115.11393"
"06/11/2022","AQS","320030561","1","0.2","ppm","2","Sunrise Acres","24","100.0000","42101","Carbon monoxide","093","29820","Las Vegas-Henderson-Paradise, NV","32","Nevada","003","Clark","36.163962","-115.11393"
"06/12/2022","AQS","320030561","1","0.2","ppm","2","Sunrise Acres","24","100.0000","42101","Carbon monoxide","093","29820","Las Vegas-Henderson-Paradise, NV","32","Nevada","003","Clark","36.163962","-115.11393"
"06/13/2022","AQS","320030561","1","0.2","ppm","2","Sunrise Acres","24","100.0000","42101","Carbon monoxide","093","29820","Las Vegas-Henderson-Paradise, NV","32","Nevada","003","Clark","36.163962","-115.11393"
"06/14/2022","AQS","320030561","1","0.3","ppm","3","Sunrise Acres","24","100.0000","42101","Carbon monoxide","093","29820","Las Vegas-Henderson-Paradise, NV","32","Nevada","003","Clark","36.163962","-115.11393"
"06/15/2022","AQS","320030561","1","0.5","ppm","6","Sunrise Acres","24","100.0000","42101","Carbon monoxide","093","29820","Las Vegas-Henderson-Paradise, NV","32","Nevada","003","Clark","36.163962","-115.11393"
"06/16/2022","AQS","320030561","1","0.8","ppm","9","Sunrise Acres","24","100.0000","42101","Carbon monoxide","093","29820","Las Vegas-Henderson-Paradise, NV","32","Nevada","003","Clark","36.163962","-115.11393"
"06/17/2022","AQS","320030561","1","0.2","ppm","2","Sunrise Acres","24","100.0000","42101","Carbon monoxide","093","29820","Las Vegas-Henderson-Paradise, NV","32","Nevada","003","Clark","36.163962","-115.11393"
"06/18/2022","AQS","320030561","1","0.2","ppm","2","Sunrise Acres","24","100.0000","42101","Carbon monoxide","093","29820","Las Vegas-Henderson-Paradise, NV","32","Nevada","003","Clark","36.163962","-115.11393"
"06/19/2022","AQS","320030561","1","0.3","ppm","3","Sunrise Acres","24","100.0000","42101","Carbon monoxide","093","29820","Las Vegas-Henderson-Paradise, NV","32","Nevada","003","Clark","36.163962","-115.11393"
"06/20/2022","AQS","320030561","1","0.3","ppm","3","Sunrise Acres","24","100.0000","42101","Carbon monoxide","093","29820","Las Vegas-Henderson-Paradise, NV","32","Nevada","003","Clark","36.163962","-115.11393"
"06/21/2022","AQS","320030561","1","0.6","ppm","7","Sunrise Acres","24","100.0000","42101","Carbon monoxide","093","29820","Las Vegas-Henderson-Paradise, NV","32","Nevada","003","Clark","36.163962","-115.11393"
"06/22/2022","AQS","320030561","1","0.5","ppm","6","Sunrise Acres","24","100.0000","42101","Carbon monoxide","093","29820","Las Vegas-Henderson-Paradise, NV","32","Nevada","003","Clark","36.163962","-115.11393"
"06/23/2022","AQS","320030561","1","0.3","ppm","3","Sunrise Acres","24","100.0000","42101","Carbon monoxide","093","29820","Las Vegas-Henderson-Paradise, NV","32","Nevada","003","Clark","36.163962","-115.11393"
"06/24/2022","AQS","320030561","1","0.2","ppm","2","Sunrise Acres","24","100.0000","42101","Carbon monoxide","093","29820","Las Vegas-Henderson-Paradise, NV","32","Nevada","003","Clark","36.163962","-115.11393"
"06/25/2022","AQS","320030561","1","0.6","ppm","7","Sunrise Acres","24","100.0000","42101","Carbon monoxide","093","29820","Las Vegas-Henderson-Paradise, NV","32","Nevada","003","Clark","36.163962","-115.11393"
"06/26/2022","AQS","320030561","1","0.3","ppm","3","Sunrise Acres","24","100.0000","42101","Carbon monoxide","093","29820","Las Vegas-Henderson-Paradise, NV","32","Nevada","003","Clark","36.163962","-115.11393"
"06/27/2022","AQS","320030561","1","0.3","ppm","3","Sunrise Acres","24","100.0000","42101","Carbon monoxide","093","29820","Las Vegas-Henderson-Paradise, NV","32","Nevada","003","Clark","36.163962","-115.11393"
"06/28/2022","AQS","320030561","1","0.4","ppm","5","Sunrise Acres","24","100.0000","42101","Carbon monoxide","093","29820","Las Vegas-Henderson-Paradise, NV","32","Nevada","003","Clark","36.163962","-115.11393"
"06/29/2022","AQS","320030561","1","0.2","ppm","2","Sunrise Acres","24","100.0000","42101","Carbon monoxide","093","29820","Las Vegas-Henderson-Paradise, NV","32","Nevada","003","Clark","36.163962","-115.11393"
"06/30/2022","AQS","320030561","1","0.1","ppm","1","Sunrise Acres","24","100.0000","42101","Carbon monoxide","093","29820","Las Vegas-Henderson-Paradise, NV","32","Nevada","003","Clark","36.163962","-115.11393"
"07/01/2022","AQS","320030561","1","0.1","ppm","1","Sunrise Acres","24","100.0000","42101","Carbon monoxide","093","29820","Las Vegas-Henderson-Paradise, NV","32","Nevada","003","Clark","36.163962","-115.11393"
"07/02/2022","AQS","320030561","1","0.1","ppm","1","Sunrise Acres","24","100.0000","42101","Carbon monoxide","093","29820","Las Vegas-Henderson-Paradise, NV","32","Nevada","003","Clark","36.163962","-115.11393"
"07/03/2022","AQS","320030561","1","0.2","ppm","2","Sunrise Acres","24","100.0000","42101","Carbon monoxide","093","29820","Las Vegas-Henderson-Paradise, NV","32","Nevada","003","Clark","36.163962","-115.11393"
"07/04/2022","AQS","320030561","1","0.2","ppm","2","Sunrise Acres","24","100.0000","42101","Carbon monoxide","093","29820","Las Vegas-Henderson-Paradise, NV","32","Nevada","003","Clark","36.163962","-115.11393"
"07/05/2022","AQS","320030561","1","0.2","ppm","2","Sunrise Acres","24","100.0000","42101","Carbon monoxide","093","29820","Las Vegas-Henderson-Paradise, NV","32","Nevada","003","Clark","36.163962","-115.11393"
"07/06/2022","AQS","320030561","1","0.2","ppm","2","Sunrise Acres","24","100.0000","42101","Carbon monoxide","093","29820","Las Vegas-Henderson-Paradise, NV","32","Nevada","003","Clark","36.163962","-115.11393"
"07/07/2022","AQS","320030561","1","0.3","ppm","3","Sunrise Acres","24","100.0000","42101","Carbon monoxide","093","29820","Las Vegas-Henderson-Paradise, NV","32","Nevada","003","Clark","36.163962","-115.11393"
"07/08/2022","AQS","320030561","1","0.4","ppm","5","Sunrise Acres","24","100.0000","42101","Carbon monoxide","093","29820","Las Vegas-Henderson-Paradise, NV","32","Nevada","003","Clark","36.163962","-115.11393"
"07/09/2022","AQS","320030561","1","0.5","ppm","6","Sunrise Acres","24","100.0000","42101","Carbon monoxide","093","29820","Las Vegas-Henderson-Paradise, NV","32","Nevada","003","Clark","36.163962","-115.11393"
"07/10/2022","AQS","320030561","1","0.4","ppm","5","Sunrise Acres","24","100.0000","42101","Carbon monoxide","093","29820","Las Vegas-Henderson-Paradise, NV","32","Nevada","003","Clark","36.163962","-115.11393"
"07/11/2022","AQS","320030561","1","0.4","ppm","5","Sunrise Acres","17","71.0000","42101","Carbon monoxide","093","29820","Las Vegas-Henderson-Paradise, NV","32","Nevada","003","Clark","36.163962","-115.11393"
"07/12/2022","AQS","320030561","1","0.4","ppm","5","Sunrise Acres","24","100.0000","42101","Carbon monoxide","093","29820","Las Vegas-Henderson-Paradise, NV","32","Nevada","003","Clark","36.163962","-115.11393"
"07/13/2022","AQS","320030561","1","0.2","ppm","2","Sunrise Acres","24","100.0000","42101","Carbon monoxide","093","29820","Las Vegas-Henderson-Paradise, NV","32","Nevada","003","Clark","36.163962","-115.11393"
"07/14/2022","AQS","320030561","1","0.2","ppm","2","Sunrise Acres","24","100.0000","42101","Carbon monoxide","093","29820","Las Vegas-Henderson-Paradise, NV","32","Nevada","003","Clark","36.163962","-115.11393"
"07/15/2022","AQS","320030561","1","0.3","ppm","3","Sunrise Acres","24","100.0000","42101","Carbon monoxide","093","29820","Las Vegas-Henderson-Paradise, NV","32","Nevada","003","Clark","36.163962","-115.11393"
"07/16/2022","AQS","320030561","1","0.3","ppm","3","Sunrise Acres","24","100.0000","42101","Carbon monoxide","093","29820","Las Vegas-Henderson-Paradise, NV","32","Nevada","003","Clark","36.163962","-115.11393"
"07/17/2022","AQS","320030561","1","0.3","ppm","3","Sunrise Acres","24","100.0000","42101","Carbon monoxide","093","29820","Las Vegas-Henderson-Paradise, NV","32","Nevada","003","Clark","36.163962","-115.11393"
"07/18/2022","AQS","320030561","1","0.2","ppm","2","Sunrise Acres","24","100.0000","42101","Carbon monoxide","093","29820","Las Vegas-Henderson-Paradise, NV","32","Nevada","003","Clark","36.163962","-115.11393"
"07/19/2022","AQS","320030561","1","0.2","ppm","2","Sunrise Acres","24","100.0000","42101","Carbon monoxide","093","29820","Las Vegas-Henderson-Paradise, NV","32","Nevada","003","Clark","36.163962","-115.11393"
"07/20/2022","AQS","320030561","1","0.3","ppm","3","Sunrise Acres","24","100.0000","42101","Carbon monoxide","093","29820","Las Vegas-Henderson-Paradise, NV","32","Nevada","003","Clark","36.163962","-115.11393"
"07/21/2022","AQS","320030561","1","0.3","ppm","3","Sunrise Acres","24","100.0000","42101","Carbon monoxide","093","29820","Las Vegas-Henderson-Paradise, NV","32","Nevada","003","Clark","36.163962","-115.11393"
"07/22/2022","AQS","320030561","1","0.4","ppm","5","Sunrise Acres","24","100.0000","42101","Carbon monoxide","093","29820","Las Vegas-Henderson-Paradise, NV","32","Nevada","003","Clark","36.163962","-115.11393"
"07/23/2022","AQS","320030561","1","0.2","ppm","2","Sunrise Acres","24","100.0000","42101","Carbon monoxide","093","29820","Las Vegas-Henderson-Paradise, NV","32","Nevada","003","Clark","36.163962","-115.11393"
"07/24/2022","AQS","320030561","1","0.2","ppm","2","Sunrise Acres","24","100.0000","42101","Carbon monoxide","093","29820","Las Vegas-Henderson-Paradise, NV","32","Nevada","003","Clark","36.163962","-115.11393"
"07/25/2022","AQS","320030561","1","0.1","ppm","1","Sunrise Acres","24","100.0000","42101","Carbon monoxide","093","29820","Las Vegas-Henderson-Paradise, NV","32","Nevada","003","Clark","36.163962","-115.11393"
"07/26/2022","AQS","320030561","1","0.1","ppm","1","Sunrise Acres","24","100.0000","42101","Carbon monoxide","093","29820","Las Vegas-Henderson-Paradise, NV","32","Nevada","003","Clark","36.163962","-115.11393"
"07/27/2022","AQS","320030561","1","0.2","ppm","2","Sunrise Acres","24","100.0000","42101","Carbon monoxide","093","29820","Las Vegas-Henderson-Paradise, NV","32","Nevada","003","Clark","36.163962","-115.11393"
"07/28/2022","AQS","320030561","1","0.1","ppm","1","Sunrise Acres","24","100.0000","42101","Carbon monoxide","093","29820","Las Vegas-Henderson-Paradise, NV","32","Nevada","003","Clark","36.163962","-115.11393"
"07/29/2022","AQS","320030561","1","0.2","ppm","2","Sunrise Acres","24","100.0000","42101","Carbon monoxide","093","29820","Las Vegas-Henderson-Paradise, NV","32","Nevada","003","Clark","36.163962","-115.11393"
"07/30/2022","AQS","320030561","1","0.1","ppm","1","Sunrise Acres","24","100.0000","42101","Carbon monoxide","093","29820","Las Vegas-Henderson-Paradise, NV","32","Nevada","003","Clark","36.163962","-115.11393"
"07/31/2022","AQS","320030561","1","0.1","ppm","1","Sunrise Acres","24","100.0000","42101","Carbon monoxide","093","29820","Las Vegas-Henderson-Paradise, NV","32","Nevada","003","Clark","36.163962","-115.11393"
"08/01/2022","AQS","320030561","1","0.1","ppm","1","Sunrise Acres","24","100.0000","42101","Carbon monoxide","093","29820","Las Vegas-Henderson-Paradise, NV","32","Nevada","003","Clark","36.163962","-115.11393"
"08/02/2022","AQS","320030561","1","0.2","ppm","2","Sunrise Acres","24","100.0000","42101","Carbon monoxide","093","29820","Las Vegas-Henderson-Paradise, NV","32","Nevada","003","Clark","36.163962","-115.11393"
"08/03/2022","AQS","320030561","1","0.3","ppm","3","Sunrise Acres","24","100.0000","42101","Carbon monoxide","093","29820","Las Vegas-Henderson-Paradise, NV","32","Nevada","003","Clark","36.163962","-115.11393"
"08/04/2022","AQS","320030561","1","0.3","ppm","3","Sunrise Acres","24","100.0000","42101","Carbon monoxide","093","29820","Las Vegas-Henderson-Paradise, NV","32","Nevada","003","Clark","36.163962","-115.11393"
"08/05/2022","AQS","320030561","1","0.1","ppm","1","Sunrise Acres","24","100.0000","42101","Carbon monoxide","093","29820","Las Vegas-Henderson-Paradise, NV","32","Nevada","003","Clark","36.163962","-115.11393"
"08/06/2022","AQS","320030561","1","0.2","ppm","2","Sunrise Acres","24","100.0000","42101","Carbon monoxide","093","29820","Las Vegas-Henderson-Paradise, NV","32","Nevada","003","Clark","36.163962","-115.11393"
"08/07/2022","AQS","320030561","1","0.2","ppm","2","Sunrise Acres","24","100.0000","42101","Carbon monoxide","093","29820","Las Vegas-Henderson-Paradise, NV","32","Nevada","003","Clark","36.163962","-115.11393"
"08/08/2022","AQS","320030561","1","0.3","ppm","3","Sunrise Acres","24","100.0000","42101","Carbon monoxide","093","29820","Las Vegas-Henderson-Paradise, NV","32","Nevada","003","Clark","36.163962","-115.11393"
"08/09/2022","AQS","320030561","1","0.1","ppm","1","Sunrise Acres","24","100.0000","42101","Carbon monoxide","093","29820","Las Vegas-Henderson-Paradise, NV","32","Nevada","003","Clark","36.163962","-115.11393"
"08/10/2022","AQS","320030561","1","0.1","ppm","1","Sunrise Acres","24","100.0000","42101","Carbon monoxide","093","29820","Las Vegas-Henderson-Paradise, NV","32","Nevada","003","Clark","36.163962","-115.11393"
"08/11/2022","AQS","320030561","1","0.2","ppm","2","Sunrise Acres","24","100.0000","42101","Carbon monoxide","093","29820","Las Vegas-Henderson-Paradise, NV","32","Nevada","003","Clark","36.163962","-115.11393"
"08/12/2022","AQS","320030561","1","0.5","ppm","6","Sunrise Acres","24","100.0000","42101","Carbon monoxide","093","29820","Las Vegas-Henderson-Paradise, NV","32","Nevada","003","Clark","36.163962","-115.11393"
"08/13/2022","AQS","320030561","1","0.2","ppm","2","Sunrise Acres","24","100.0000","42101","Carbon monoxide","093","29820","Las Vegas-Henderson-Paradise, NV","32","Nevada","003","Clark","36.163962","-115.11393"
"08/14/2022","AQS","320030561","1","0.3","ppm","3","Sunrise Acres","24","100.0000","42101","Carbon monoxide","093","29820","Las Vegas-Henderson-Paradise, NV","32","Nevada","003","Clark","36.163962","-115.11393"
"08/15/2022","AQS","320030561","1","0.1","ppm","1","Sunrise Acres","24","100.0000","42101","Carbon monoxide","093","29820","Las Vegas-Henderson-Paradise, NV","32","Nevada","003","Clark","36.163962","-115.11393"
"08/16/2022","AQS","320030561","1","0.1","ppm","1","Sunrise Acres","24","100.0000","42101","Carbon monoxide","093","29820","Las Vegas-Henderson-Paradise, NV","32","Nevada","003","Clark","36.163962","-115.11393"
"08/17/2022","AQS","320030561","1","0.1","ppm","1","Sunrise Acres","24","100.0000","42101","Carbon monoxide","093","29820","Las Vegas-Henderson-Paradise, NV","32","Nevada","003","Clark","36.163962","-115.11393"
"08/18/2022","AQS","320030561","1","0.1","ppm","1","Sunrise Acres","24","100.0000","42101","Carbon monoxide","093","29820","Las Vegas-Henderson-Paradise, NV","32","Nevada","003","Clark","36.163962","-115.11393"
"08/19/2022","AQS","320030561","1","0.2","ppm","2","Sunrise Acres","24","100.0000","42101","Carbon monoxide","093","29820","Las Vegas-Henderson-Paradise, NV","32","Nevada","003","Clark","36.163962","-115.11393"
"08/20/2022","AQS","320030561","1","0.2","ppm","2","Sunrise Acres","24","100.0000","42101","Carbon monoxide","093","29820","Las Vegas-Henderson-Paradise, NV","32","Nevada","003","Clark","36.163962","-115.11393"
"08/21/2022","AQS","320030561","1","0.1","ppm","1","Sunrise Acres","24","100.0000","42101","Carbon monoxide","093","29820","Las Vegas-Henderson-Paradise, NV","32","Nevada","003","Clark","36.163962","-115.11393"
"08/22/2022","AQS","320030561","1","0.2","ppm","2","Sunrise Acres","24","100.0000","42101","Carbon monoxide","093","29820","Las Vegas-Henderson-Paradise, NV","32","Nevada","003","Clark","36.163962","-115.11393"
"08/23/2022","AQS","320030561","1","0.4","ppm","5","Sunrise Acres","20","83.0000","42101","Carbon monoxide","093","29820","Las Vegas-Henderson-Paradise, NV","32","Nevada","003","Clark","36.163962","-115.11393"
"08/24/2022","AQS","320030561","1","0.2","ppm","2","Sunrise Acres","24","100.0000","42101","Carbon monoxide","093","29820","Las Vegas-Henderson-Paradise, NV","32","Nevada","003","Clark","36.163962","-115.11393"
"08/25/2022","AQS","320030561","1","0.1","ppm","1","Sunrise Acres","24","100.0000","42101","Carbon monoxide","093","29820","Las Vegas-Henderson-Paradise, NV","32","Nevada","003","Clark","36.163962","-115.11393"
"08/26/2022","AQS","320030561","1","0.1","ppm","1","Sunrise Acres","24","100.0000","42101","Carbon monoxide","093","29820","Las Vegas-Henderson-Paradise, NV","32","Nevada","003","Clark","36.163962","-115.11393"
"08/27/2022","AQS","320030561","1","0.3","ppm","3","Sunrise Acres","24","100.0000","42101","Carbon monoxide","093","29820","Las Vegas-Henderson-Paradise, NV","32","Nevada","003","Clark","36.163962","-115.11393"
"08/28/2022","AQS","320030561","1","0.1","ppm","1","Sunrise Acres","24","100.0000","42101","Carbon monoxide","093","29820","Las Vegas-Henderson-Paradise, NV","32","Nevada","003","Clark","36.163962","-115.11393"
"08/29/2022","AQS","320030561","1","0.2","ppm","2","Sunrise Acres","24","100.0000","42101","Carbon monoxide","093","29820","Las Vegas-Henderson-Paradise, NV","32","Nevada","003","Clark","36.163962","-115.11393"
"08/30/2022","AQS","320030561","1","0.4","ppm","5","Sunrise Acres","24","100.0000","42101","Carbon monoxide","093","29820","Las Vegas-Henderson-Paradise, NV","32","Nevada","003","Clark","36.163962","-115.11393"
"08/31/2022","AQS","320030561","1","0.4","ppm","5","Sunrise Acres","24","100.0000","42101","Carbon monoxide","093","29820","Las Vegas-Henderson-Paradise, NV","32","Nevada","003","Clark","36.163962","-115.11393"
"09/01/2022","AQS","320030561","1","0.7","ppm","8","Sunrise Acres","24","100.0000","42101","Carbon monoxide","093","29820","Las Vegas-Henderson-Paradise, NV","32","Nevada","003","Clark","36.163962","-115.11393"
"09/02/2022","AQS","320030561","1","0.6","ppm","7","Sunrise Acres","24","100.0000","42101","Carbon monoxide","093","29820","Las Vegas-Henderson-Paradise, NV","32","Nevada","003","Clark","36.163962","-115.11393"
"09/03/2022","AQS","320030561","1","0.1","ppm","1","Sunrise Acres","24","100.0000","42101","Carbon monoxide","093","29820","Las Vegas-Henderson-Paradise, NV","32","Nevada","003","Clark","36.163962","-115.11393"
"09/04/2022","AQS","320030561","1","0.1","ppm","1","Sunrise Acres","24","100.0000","42101","Carbon monoxide","093","29820","Las Vegas-Henderson-Paradise, NV","32","Nevada","003","Clark","36.163962","-115.11393"
"09/05/2022","AQS","320030561","1","0.3","ppm","3","Sunrise Acres","24","100.0000","42101","Carbon monoxide","093","29820","Las Vegas-Henderson-Paradise, NV","32","Nevada","003","Clark","36.163962","-115.11393"
"09/06/2022","AQS","320030561","1","0.5","ppm","6","Sunrise Acres","24","100.0000","42101","Carbon monoxide","093","29820","Las Vegas-Henderson-Paradise, NV","32","Nevada","003","Clark","36.163962","-115.11393"
"09/07/2022","AQS","320030561","1","0.2","ppm","2","Sunrise Acres","24","100.0000","42101","Carbon monoxide","093","29820","Las Vegas-Henderson-Paradise, NV","32","Nevada","003","Clark","36.163962","-115.11393"
"09/08/2022","AQS","320030561","1","0.2","ppm","2","Sunrise Acres","24","100.0000","42101","Carbon monoxide","093","29820","Las Vegas-Henderson-Paradise, NV","32","Nevada","003","Clark","36.163962","-115.11393"
"09/09/2022","AQS","320030561","1","0.1","ppm","1","Sunrise Acres","24","100.0000","42101","Carbon monoxide","093","29820","Las Vegas-Henderson-Paradise, NV","32","Nevada","003","Clark","36.163962","-115.11393"
"09/10/2022","AQS","320030561","1","0.1","ppm","1","Sunrise Acres","24","100.0000","42101","Carbon monoxide","093","29820","Las Vegas-Henderson-Paradise, NV","32","Nevada","003","Clark","36.163962","-115.11393"
"09/11/2022","AQS","320030561","1","0.2","ppm","2","Sunrise Acres","24","100.0000","42101","Carbon monoxide","093","29820","Las Vegas-Henderson-Paradise, NV","32","Nevada","003","Clark","36.163962","-115.11393"
"09/12/2022","AQS","320030561","1","0.2","ppm","2","Sunrise Acres","24","100.0000","42101","Carbon monoxide","093","29820","Las Vegas-Henderson-Paradise, NV","32","Nevada","003","Clark","36.163962","-115.11393"
"09/13/2022","AQS","320030561","1","0","ppm","0","Sunrise Acres","24","100.0000","42101","Carbon monoxide","093","29820","Las Vegas-Henderson-Paradise, NV","32","Nevada","003","Clark","36.163962","-115.11393"
"09/14/2022","AQS","320030561","1","0.1","ppm","1","Sunrise Acres","17","71.0000","42101","Carbon monoxide","093","29820","Las Vegas-Henderson-Paradise, NV","32","Nevada","003","Clark","36.163962","-115.11393"
"09/15/2022","AQS","320030561","1","0.2","ppm","2","Sunrise Acres","24","100.0000","42101","Carbon monoxide","093","29820","Las Vegas-Henderson-Paradise, NV","32","Nevada","003","Clark","36.163962","-115.11393"
"09/16/2022","AQS","320030561","1","0.5","ppm","6","Sunrise Acres","24","100.0000","42101","Carbon monoxide","093","29820","Las Vegas-Henderson-Paradise, NV","32","Nevada","003","Clark","36.163962","-115.11393"
"09/17/2022","AQS","320030561","1","0.5","ppm","6","Sunrise Acres","24","100.0000","42101","Carbon monoxide","093","29820","Las Vegas-Henderson-Paradise, NV","32","Nevada","003","Clark","36.163962","-115.11393"
"09/18/2022","AQS","320030561","1","0.2","ppm","2","Sunrise Acres","24","100.0000","42101","Carbon monoxide","093","29820","Las Vegas-Henderson-Paradise, NV","32","Nevada","003","Clark","36.163962","-115.11393"
"09/19/2022","AQS","320030561","1","0.8","ppm","9","Sunrise Acres","24","100.0000","42101","Carbon monoxide","093","29820","Las Vegas-Henderson-Paradise, NV","32","Nevada","003","Clark","36.163962","-115.11393"
"09/20/2022","AQS","320030561","1","0.7","ppm","8","Sunrise Acres","24","100.0000","42101","Carbon monoxide","093","29820","Las Vegas-Henderson-Paradise, NV","32","Nevada","003","Clark","36.163962","-115.11393"
"09/21/2022","AQS","320030561","1","0.5","ppm","6","Sunrise Acres","24","100.0000","42101","Carbon monoxide","093","29820","Las Vegas-Henderson-Paradise, NV","32","Nevada","003","Clark","36.163962","-115.11393"
"09/22/2022","AQS","320030561","1","0.3","ppm","3","Sunrise Acres","24","100.0000","42101","Carbon monoxide","093","29820","Las Vegas-Henderson-Paradise, NV","32","Nevada","003","Clark","36.163962","-115.11393"
"09/23/2022","AQS","320030561","1","0.5","ppm","6","Sunrise Acres","24","100.0000","42101","Carbon monoxide","093","29820","Las Vegas-Henderson-Paradise, NV","32","Nevada","003","Clark","36.163962","-115.11393"
"09/24/2022","AQS","320030561","1","0.7","ppm","8","Sunrise Acres","24","100.0000","42101","Carbon monoxide","093","29820","Las Vegas-Henderson-Paradise, NV","32","Nevada","003","Clark","36.163962","-115.11393"
"09/25/2022","AQS","320030561","1","0.6","ppm","7","Sunrise Acres","24","100.0000","42101","Carbon monoxide","093","29820","Las Vegas-Henderson-Paradise, NV","32","Nevada","003","Clark","36.163962","-115.11393"
"09/26/2022","AQS","320030561","1","0.8","ppm","9","Sunrise Acres","24","100.0000","42101","Carbon monoxide","093","29820","Las Vegas-Henderson-Paradise, NV","32","Nevada","003","Clark","36.163962","-115.11393"
"09/27/2022","AQS","320030561","1","0.7","ppm","8","Sunrise Acres","24","100.0000","42101","Carbon monoxide","093","29820","Las Vegas-Henderson-Paradise, NV","32","Nevada","003","Clark","36.163962","-115.11393"
"09/28/2022","AQS","320030561","1","0.7","ppm","8","Sunrise Acres","24","100.0000","42101","Carbon monoxide","093","29820","Las Vegas-Henderson-Paradise, NV","32","Nevada","003","Clark","36.163962","-115.11393"
"09/29/2022","AQS","320030561","1","0.6","ppm","7","Sunrise Acres","24","100.0000","42101","Carbon monoxide","093","29820","Las Vegas-Henderson-Paradise, NV","32","Nevada","003","Clark","36.163962","-115.11393"
"09/30/2022","AQS","320030561","1","0.4","ppm","5","Sunrise Acres","24","100.0000","42101","Carbon monoxide","093","29820","Las Vegas-Henderson-Paradise, NV","32","Nevada","003","Clark","36.163962","-115.11393"
"10/01/2022","AQS","320030561","1","0.5","ppm","6","Sunrise Acres","24","100.0000","42101","Carbon monoxide","093","29820","Las Vegas-Henderson-Paradise, NV","32","Nevada","003","Clark","36.163962","-115.11393"
"10/02/2022","AQS","320030561","1","0.4","ppm","5","Sunrise Acres","24","100.0000","42101","Carbon monoxide","093","29820","Las Vegas-Henderson-Paradise, NV","32","Nevada","003","Clark","36.163962","-115.11393"
"10/03/2022","AQS","320030561","1","0.6","ppm","7","Sunrise Acres","24","100.0000","42101","Carbon monoxide","093","29820","Las Vegas-Henderson-Paradise, NV","32","Nevada","003","Clark","36.163962","-115.11393"
"10/04/2022","AQS","320030561","1","0.4","ppm","5","Sunrise Acres","24","100.0000","42101","Carbon monoxide","093","29820","Las Vegas-Henderson-Paradise, NV","32","Nevada","003","Clark","36.163962","-115.11393"
"10/05/2022","AQS","320030561","1","0.7","ppm","8","Sunrise Acres","24","100.0000","42101","Carbon monoxide","093","29820","Las Vegas-Henderson-Paradise, NV","32","Nevada","003","Clark","36.163962","-115.11393"
"10/06/2022","AQS","320030561","1","0.7","ppm","8","Sunrise Acres","24","100.0000","42101","Carbon monoxide","093","29820","Las Vegas-Henderson-Paradise, NV","32","Nevada","003","Clark","36.163962","-115.11393"
"10/07/2022","AQS","320030561","1","0.6","ppm","7","Sunrise Acres","24","100.0000","42101","Carbon monoxide","093","29820","Las Vegas-Henderson-Paradise, NV","32","Nevada","003","Clark","36.163962","-115.11393"
"10/08/2022","AQS","320030561","1","0.8","ppm","9","Sunrise Acres","24","100.0000","42101","Carbon monoxide","093","29820","Las Vegas-Henderson-Paradise, NV","32","Nevada","003","Clark","36.163962","-115.11393"
"10/09/2022","AQS","320030561","1","0.6","ppm","7","Sunrise Acres","24","100.0000","42101","Carbon monoxide","093","29820","Las Vegas-Henderson-Paradise, NV","32","Nevada","003","Clark","36.163962","-115.11393"
"10/10/2022","AQS","320030561","1","0.7","ppm","8","Sunrise Acres","24","100.0000","42101","Carbon monoxide","093","29820","Las Vegas-Henderson-Paradise, NV","32","Nevada","003","Clark","36.163962","-115.11393"
"10/11/2022","AQS","320030561","1","0.6","ppm","7","Sunrise Acres","24","100.0000","42101","Carbon monoxide","093","29820","Las Vegas-Henderson-Paradise, NV","32","Nevada","003","Clark","36.163962","-115.11393"
"10/12/2022","AQS","320030561","1","0.7","ppm","8","Sunrise Acres","24","100.0000","42101","Carbon monoxide","093","29820","Las Vegas-Henderson-Paradise, NV","32","Nevada","003","Clark","36.163962","-115.11393"
"10/13/2022","AQS","320030561","1","1","ppm","11","Sunrise Acres","24","100.0000","42101","Carbon monoxide","093","29820","Las Vegas-Henderson-Paradise, NV","32","Nevada","003","Clark","36.163962","-115.11393"
"10/14/2022","AQS","320030561","1","0.9","ppm","10","Sunrise Acres","24","100.0000","42101","Carbon monoxide","093","29820","Las Vegas-Henderson-Paradise, NV","32","Nevada","003","Clark","36.163962","-115.11393"
"10/15/2022","AQS","320030561","1","1","ppm","11","Sunrise Acres","24","100.0000","42101","Carbon monoxide","093","29820","Las Vegas-Henderson-Paradise, NV","32","Nevada","003","Clark","36.163962","-115.11393"
"10/16/2022","AQS","320030561","1","0.3","ppm","3","Sunrise Acres","24","100.0000","42101","Carbon monoxide","093","29820","Las Vegas-Henderson-Paradise, NV","32","Nevada","003","Clark","36.163962","-115.11393"
"10/17/2022","AQS","320030561","1","0.6","ppm","7","Sunrise Acres","24","100.0000","42101","Carbon monoxide","093","29820","Las Vegas-Henderson-Paradise, NV","32","Nevada","003","Clark","36.163962","-115.11393"
"10/18/2022","AQS","320030561","1","0.9","ppm","10","Sunrise Acres","24","100.0000","42101","Carbon monoxide","093","29820","Las Vegas-Henderson-Paradise, NV","32","Nevada","003","Clark","36.163962","-115.11393"
"10/19/2022","AQS","320030561","1","0.9","ppm","10","Sunrise Acres","24","100.0000","42101","Carbon monoxide","093","29820","Las Vegas-Henderson-Paradise, NV","32","Nevada","003","Clark","36.163962","-115.11393"
"10/20/2022","AQS","320030561","1","1.1","ppm","13","Sunrise Acres","24","100.0000","42101","Carbon monoxide","093","29820","Las Vegas-Henderson-Paradise, NV","32","Nevada","003","Clark","36.163962","-115.11393"
"10/21/2022","AQS","320030561","1","1","ppm","11","Sunrise Acres","24","100.0000","42101","Carbon monoxide","093","29820","Las Vegas-Henderson-Paradise, NV","32","Nevada","003","Clark","36.163962","-115.11393"
"10/22/2022","AQS","320030561","1","0.2","ppm","2","Sunrise Acres","24","100.0000","42101","Carbon monoxide","093","29820","Las Vegas-Henderson-Paradise, NV","32","Nevada","003","Clark","36.163962","-115.11393"
"10/23/2022","AQS","320030561","1","0.1","ppm","1","Sunrise Acres","24","100.0000","42101","Carbon monoxide","093","29820","Las Vegas-Henderson-Paradise, NV","32","Nevada","003","Clark","36.163962","-115.11393"
"10/24/2022","AQS","320030561","1","0.6","ppm","7","Sunrise Acres","24","100.0000","42101","Carbon monoxide","093","29820","Las Vegas-Henderson-Paradise, NV","32","Nevada","003","Clark","36.163962","-115.11393"
"10/25/2022","AQS","320030561","1","0.8","ppm","9","Sunrise Acres","24","100.0000","42101","Carbon monoxide","093","29820","Las Vegas-Henderson-Paradise, NV","32","Nevada","003","Clark","36.163962","-115.11393"
"10/26/2022","AQS","320030561","1","1","ppm","11","Sunrise Acres","24","100.0000","42101","Carbon monoxide","093","29820","Las Vegas-Henderson-Paradise, NV","32","Nevada","003","Clark","36.163962","-115.11393"
"10/27/2022","AQS","320030561","1","0.5","ppm","6","Sunrise Acres","24","100.0000","42101","Carbon monoxide","093","29820","Las Vegas-Henderson-Paradise, NV","32","Nevada","003","Clark","36.163962","-115.11393"
"10/28/2022","AQS","320030561","1","0.8","ppm","9","Sunrise Acres","24","100.0000","42101","Carbon monoxide","093","29820","Las Vegas-Henderson-Paradise, NV","32","Nevada","003","Clark","36.163962","-115.11393"
"10/29/2022","AQS","320030561","1","1","ppm","11","Sunrise Acres","24","100.0000","42101","Carbon monoxide","093","29820","Las Vegas-Henderson-Paradise, NV","32","Nevada","003","Clark","36.163962","-115.11393"
"10/30/2022","AQS","320030561","1","1.2","ppm","14","Sunrise Acres","24","100.0000","42101","Carbon monoxide","093","29820","Las Vegas-Henderson-Paradise, NV","32","Nevada","003","Clark","36.163962","-115.11393"
"10/31/2022","AQS","320030561","1","1.2","ppm","14","Sunrise Acres","24","100.0000","42101","Carbon monoxide","093","29820","Las Vegas-Henderson-Paradise, NV","32","Nevada","003","Clark","36.163962","-115.11393"
"11/01/2022","AQS","320030561","1","1.4","ppm","16","Sunrise Acres","24","100.0000","42101","Carbon monoxide","093","29820","Las Vegas-Henderson-Paradise, NV","32","Nevada","003","Clark","36.163962","-115.11393"
"11/02/2022","AQS","320030561","1","0.1","ppm","1","Sunrise Acres","24","100.0000","42101","Carbon monoxide","093","29820","Las Vegas-Henderson-Paradise, NV","32","Nevada","003","Clark","36.163962","-115.11393"
"11/03/2022","AQS","320030561","1","0.4","ppm","5","Sunrise Acres","24","100.0000","42101","Carbon monoxide","093","29820","Las Vegas-Henderson-Paradise, NV","32","Nevada","003","Clark","36.163962","-115.11393"
"11/04/2022","AQS","320030561","1","0.5","ppm","6","Sunrise Acres","24","100.0000","42101","Carbon monoxide","093","29820","Las Vegas-Henderson-Paradise, NV","32","Nevada","003","Clark","36.163962","-115.11393"
"11/05/2022","AQS","320030561","1","1","ppm","11","Sunrise Acres","24","100.0000","42101","Carbon monoxide","093","29820","Las Vegas-Henderson-Paradise, NV","32","Nevada","003","Clark","36.163962","-115.11393"
"11/06/2022","AQS","320030561","1","0.6","ppm","7","Sunrise Acres","24","100.0000","42101","Carbon monoxide","093","29820","Las Vegas-Henderson-Paradise, NV","32","Nevada","003","Clark","36.163962","-115.11393"
"11/07/2022","AQS","320030561","1","0.1","ppm","1","Sunrise Acres","24","100.0000","42101","Carbon monoxide","093","29820","Las Vegas-Henderson-Paradise, NV","32","Nevada","003","Clark","36.163962","-115.11393"
"11/08/2022","AQS","320030561","1","0.1","ppm","1","Sunrise Acres","24","100.0000","42101","Carbon monoxide","093","29820","Las Vegas-Henderson-Paradise, NV","32","Nevada","003","Clark","36.163962","-115.11393"
"11/09/2022","AQS","320030561","1","0.2","ppm","2","Sunrise Acres","24","100.0000","42101","Carbon monoxide","093","29820","Las Vegas-Henderson-Paradise, NV","32","Nevada","003","Clark","36.163962","-115.11393"
"11/10/2022","AQS","320030561","1","0.4","ppm","5","Sunrise Acres","24","100.0000","42101","Carbon monoxide","093","29820","Las Vegas-Henderson-Paradise, NV","32","Nevada","003","Clark","36.163962","-115.11393"
"11/11/2022","AQS","320030561","1","0.8","ppm","9","Sunrise Acres","24","100.0000","42101","Carbon monoxide","093","29820","Las Vegas-Henderson-Paradise, NV","32","Nevada","003","Clark","36.163962","-115.11393"
"11/12/2022","AQS","320030561","1","1","ppm","11","Sunrise Acres","24","100.0000","42101","Carbon monoxide","093","29820","Las Vegas-Henderson-Paradise, NV","32","Nevada","003","Clark","36.163962","-115.11393"
"11/13/2022","AQS","320030561","1","0.8","ppm","9","Sunrise Acres","24","100.0000","42101","Carbon monoxide","093","29820","Las Vegas-Henderson-Paradise, NV","32","Nevada","003","Clark","36.163962","-115.11393"
"11/14/2022","AQS","320030561","1","0.5","ppm","6","Sunrise Acres","13","54.0000","42101","Carbon monoxide","093","29820","Las Vegas-Henderson-Paradise, NV","32","Nevada","003","Clark","36.163962","-115.11393"
"11/15/2022","AQS","320030561","1","0.5","ppm","6","Sunrise Acres","24","100.0000","42101","Carbon monoxide","093","29820","Las Vegas-Henderson-Paradise, NV","32","Nevada","003","Clark","36.163962","-115.11393"
"11/16/2022","AQS","320030561","1","0.6","ppm","7","Sunrise Acres","24","100.0000","42101","Carbon monoxide","093","29820","Las Vegas-Henderson-Paradise, NV","32","Nevada","003","Clark","36.163962","-115.11393"
"11/17/2022","AQS","320030561","1","1.6","ppm","18","Sunrise Acres","24","100.0000","42101","Carbon monoxide","093","29820","Las Vegas-Henderson-Paradise, NV","32","Nevada","003","Clark","36.163962","-115.11393"
"11/18/2022","AQS","320030561","1","1.8","ppm","20","Sunrise Acres","24","100.0000","42101","Carbon monoxide","093","29820","Las Vegas-Henderson-Paradise, NV","32","Nevada","003","Clark","36.163962","-115.11393"
"11/19/2022","AQS","320030561","1","0.6","ppm","7","Sunrise Acres","24","100.0000","42101","Carbon monoxide","093","29820","Las Vegas-Henderson-Paradise, NV","32","Nevada","003","Clark","36.163962","-115.11393"
"11/20/2022","AQS","320030561","1","1.3","ppm","15","Sunrise Acres","24","100.0000","42101","Carbon monoxide","093","29820","Las Vegas-Henderson-Paradise, NV","32","Nevada","003","Clark","36.163962","-115.11393"
"11/21/2022","AQS","320030561","1","1.6","ppm","18","Sunrise Acres","24","100.0000","42101","Carbon monoxide","093","29820","Las Vegas-Henderson-Paradise, NV","32","Nevada","003","Clark","36.163962","-115.11393"
"11/22/2022","AQS","320030561","1","1.7","ppm","19","Sunrise Acres","24","100.0000","42101","Carbon monoxide","093","29820","Las Vegas-Henderson-Paradise, NV","32","Nevada","003","Clark","36.163962","-115.11393"
"11/23/2022","AQS","320030561","1","1.8","ppm","20","Sunrise Acres","24","100.0000","42101","Carbon monoxide","093","29820","Las Vegas-Henderson-Paradise, NV","32","Nevada","003","Clark","36.163962","-115.11393"
"11/24/2022","AQS","320030561","1","0.8","ppm","9","Sunrise Acres","24","100.0000","42101","Carbon monoxide","093","29820","Las Vegas-Henderson-Paradise, NV","32","Nevada","003","Clark","36.163962","-115.11393"
"11/25/2022","AQS","320030561","1","1.5","ppm","17","Sunrise Acres","24","100.0000","42101","Carbon monoxide","093","29820","Las Vegas-Henderson-Paradise, NV","32","Nevada","003","Clark","36.163962","-115.11393"
"11/26/2022","AQS","320030561","1","1.8","ppm","20","Sunrise Acres","24","100.0000","42101","Carbon monoxide","093","29820","Las Vegas-Henderson-Paradise, NV","32","Nevada","003","Clark","36.163962","-115.11393"
"11/27/2022","AQS","320030561","1","1.6","ppm","18","Sunrise Acres","24","100.0000","42101","Carbon monoxide","093","29820","Las Vegas-Henderson-Paradise, NV","32","Nevada","003","Clark","36.163962","-115.11393"
"11/28/2022","AQS","320030561","1","0.8","ppm","9","Sunrise Acres","24","100.0000","42101","Carbon monoxide","093","29820","Las Vegas-Henderson-Paradise, NV","32","Nevada","003","Clark","36.163962","-115.11393"
"11/29/2022","AQS","320030561","1","1","ppm","11","Sunrise Acres","24","100.0000","42101","Carbon monoxide","093","29820","Las Vegas-Henderson-Paradise, NV","32","Nevada","003","Clark","36.163962","-115.11393"
"11/30/2022","AQS","320030561","1","1.2","ppm","14","Sunrise Acres","24","100.0000","42101","Carbon monoxide","093","29820","Las Vegas-Henderson-Paradise, NV","32","Nevada","003","Clark","36.163962","-115.11393"
"12/01/2022","AQS","320030561","1","1.4","ppm","16","Sunrise Acres","24","100.0000","42101","Carbon monoxide","093","29820","Las Vegas-Henderson-Paradise, NV","32","Nevada","003","Clark","36.163962","-115.11393"
"12/02/2022","AQS","320030561","1","1.3","ppm","15","Sunrise Acres","24","100.0000","42101","Carbon monoxide","093","29820","Las Vegas-Henderson-Paradise, NV","32","Nevada","003","Clark","36.163962","-115.11393"
"12/03/2022","AQS","320030561","1","1.6","ppm","18","Sunrise Acres","24","100.0000","42101","Carbon monoxide","093","29820","Las Vegas-Henderson-Paradise, NV","32","Nevada","003","Clark","36.163962","-115.11393"
"12/04/2022","AQS","320030561","1","0.9","ppm","10","Sunrise Acres","24","100.0000","42101","Carbon monoxide","093","29820","Las Vegas-Henderson-Paradise, NV","32","Nevada","003","Clark","36.163962","-115.11393"
"12/05/2022","AQS","320030561","1","0.5","ppm","6","Sunrise Acres","24","100.0000","42101","Carbon monoxide","093","29820","Las Vegas-Henderson-Paradise, NV","32","Nevada","003","Clark","36.163962","-115.11393"
"12/06/2022","AQS","320030561","1","0.9","ppm","10","Sunrise Acres","24","100.0000","42101","Carbon monoxide","093","29820","Las Vegas-Henderson-Paradise, NV","32","Nevada","003","Clark","36.163962","-115.11393"
"12/07/2022","AQS","320030561","1","1.1","ppm","13","Sunrise Acres","24","100.0000","42101","Carbon monoxide","093","29820","Las Vegas-Henderson-Paradise, NV","32","Nevada","003","Clark","36.163962","-115.11393"
"12/08/2022","AQS","320030561","1","1","ppm","11","Sunrise Acres","24","100.0000","42101","Carbon monoxide","093","29820","Las Vegas-Henderson-Paradise, NV","32","Nevada","003","Clark","36.163962","-115.11393"
"12/09/2022","AQS","320030561","1","1.4","ppm","16","Sunrise Acres","24","100.0000","42101","Carbon monoxide","093","29820","Las Vegas-Henderson-Paradise, NV","32","Nevada","003","Clark","36.163962","-115.11393"
"12/10/2022","AQS","320030561","1","1.8","ppm","20","Sunrise Acres","24","100.0000","42101","Carbon monoxide","093","29820","Las Vegas-Henderson-Paradise, NV","32","Nevada","003","Clark","36.163962","-115.11393"
"12/11/2022","AQS","320030561","1","0.3","ppm","3","Sunrise Acres","24","100.0000","42101","Carbon monoxide","093","29820","Las Vegas-Henderson-Paradise, NV","32","Nevada","003","Clark","36.163962","-115.11393"
"12/12/2022","AQS","320030561","1","1","ppm","11","Sunrise Acres","24","100.0000","42101","Carbon monoxide","093","29820","Las Vegas-Henderson-Paradise, NV","32","Nevada","003","Clark","36.163962","-115.11393"
"12/13/2022","AQS","320030561","1","1","ppm","11","Sunrise Acres","24","100.0000","42101","Carbon monoxide","093","29820","Las Vegas-Henderson-Paradise, NV","32","Nevada","003","Clark","36.163962","-115.11393"
"12/14/2022","AQS","320030561","1","1.1","ppm","13","Sunrise Acres","24","100.0000","42101","Carbon monoxide","093","29820","Las Vegas-Henderson-Paradise, NV","32","Nevada","003","Clark","36.163962","-115.11393"
"12/15/2022","AQS","320030561","1","1.3","ppm","15","Sunrise Acres","24","100.0000","42101","Carbon monoxide","093","29820","Las Vegas-Henderson-Paradise, NV","32","Nevada","003","Clark","36.163962","-115.11393"
"12/16/2022","AQS","320030561","1","0.9","ppm","10","Sunrise Acres","24","100.0000","42101","Carbon monoxide","093","29820","Las Vegas-Henderson-Paradise, NV","32","Nevada","003","Clark","36.163962","-115.11393"
"12/17/2022","AQS","320030561","1","1.4","ppm","16","Sunrise Acres","24","100.0000","42101","Carbon monoxide","093","29820","Las Vegas-Henderson-Paradise, NV","32","Nevada","003","Clark","36.163962","-115.11393"
"12/18/2022","AQS","320030561","1","1.9","ppm","22","Sunrise Acres","24","100.0000","42101","Carbon monoxide","093","29820","Las Vegas-Henderson-Paradise, NV","32","Nevada","003","Clark","36.163962","-115.11393"
"12/19/2022","AQS","320030561","1","1.9","ppm","22","Sunrise Acres","24","100.0000","42101","Carbon monoxide","093","29820","Las Vegas-Henderson-Paradise, NV","32","Nevada","003","Clark","36.163962","-115.11393"
"12/20/2022","AQS","320030561","1","2","ppm","23","Sunrise Acres","24","100.0000","42101","Carbon monoxide","093","29820","Las Vegas-Henderson-Paradise, NV","32","Nevada","003","Clark","36.163962","-115.11393"
"12/21/2022","AQS","320030561","1","2.2","ppm","25","Sunrise Acres","24","100.0000","42101","Carbon monoxide","093","29820","Las Vegas-Henderson-Paradise, NV","32","Nevada","003","Clark","36.163962","-115.11393"
"12/22/2022","AQS","320030561","1","1.7","ppm","19","Sunrise Acres","24","100.0000","42101","Carbon monoxide","093","29820","Las Vegas-Henderson-Paradise, NV","32","Nevada","003","Clark","36.163962","-115.11393"
"12/23/2022","AQS","320030561","1","1.9","ppm","22","Sunrise Acres","24","100.0000","42101","Carbon monoxide","093","29820","Las Vegas-Henderson-Paradise, NV","32","Nevada","003","Clark","36.163962","-115.11393"
"12/24/2022","AQS","320030561","1","2.3","ppm","26","Sunrise Acres","24","100.0000","42101","Carbon monoxide","093","29820","Las Vegas-Henderson-Paradise, NV","32","Nevada","003","Clark","36.163962","-115.11393"
"12/25/2022","AQS","320030561","1","2.1","ppm","24","Sunrise Acres","24","100.0000","42101","Carbon monoxide","093","29820","Las Vegas-Henderson-Paradise, NV","32","Nevada","003","Clark","36.163962","-115.11393"
"12/26/2022","AQS","320030561","1","1.7","ppm","19","Sunrise Acres","24","100.0000","42101","Carbon monoxide","093","29820","Las Vegas-Henderson-Paradise, NV","32","Nevada","003","Clark","36.163962","-115.11393"
"12/27/2022","AQS","320030561","1","1.7","ppm","19","Sunrise Acres","24","100.0000","42101","Carbon monoxide","093","29820","Las Vegas-Henderson-Paradise, NV","32","Nevada","003","Clark","36.163962","-115.11393"
"12/28/2022","AQS","320030561","1","0.4","ppm","5","Sunrise Acres","24","100.0000","42101","Carbon monoxide","093","29820","Las Vegas-Henderson-Paradise, NV","32","Nevada","003","Clark","36.163962","-115.11393"
"12/29/2022","AQS","320030561","1","0.4","ppm","5","Sunrise Acres","24","100.0000","42101","Carbon monoxide","093","29820","Las Vegas-Henderson-Paradise, NV","32","Nevada","003","Clark","36.163962","-115.11393"
"12/30/2022","AQS","320030561","1","0.9","ppm","10","Sunrise Acres","24","100.0000","42101","Carbon monoxide","093","29820","Las Vegas-Henderson-Paradise, NV","32","Nevada","003","Clark","36.163962","-115.11393"
"12/31/2022","AQS","320030561","1","0.8","ppm","9","Sunrise Acres","24","100.0000","42101","Carbon monoxide","093","29820","Las Vegas-Henderson-Paradise, NV","32","Nevada","003","Clark","36.163962","-115.11393"
